-- MySQL dump 10.13  Distrib 5.6.28, for debian-linux-gnu (x86_64)
--
-- Host: localhost    Database: vivo_inventario
-- ------------------------------------------------------
-- Server version	5.6.28-1

/*!40101 SET @OLD_CHARACTER_SET_CLIENT=@@CHARACTER_SET_CLIENT */;
/*!40101 SET @OLD_CHARACTER_SET_RESULTS=@@CHARACTER_SET_RESULTS */;
/*!40101 SET @OLD_COLLATION_CONNECTION=@@COLLATION_CONNECTION */;
/*!40101 SET NAMES utf8 */;
/*!40103 SET @OLD_TIME_ZONE=@@TIME_ZONE */;
/*!40103 SET TIME_ZONE='+00:00' */;
/*!40014 SET @OLD_UNIQUE_CHECKS=@@UNIQUE_CHECKS, UNIQUE_CHECKS=0 */;
/*!40014 SET @OLD_FOREIGN_KEY_CHECKS=@@FOREIGN_KEY_CHECKS, FOREIGN_KEY_CHECKS=0 */;
/*!40101 SET @OLD_SQL_MODE=@@SQL_MODE, SQL_MODE='NO_AUTO_VALUE_ON_ZERO' */;
/*!40111 SET @OLD_SQL_NOTES=@@SQL_NOTES, SQL_NOTES=0 */;

--
-- Table structure for table `deposito`
--

DROP TABLE IF EXISTS `deposito`;
/*!40101 SET @saved_cs_client     = @@character_set_client */;
/*!40101 SET character_set_client = utf8 */;
CREATE TABLE `deposito` (
  `depo_id` bigint(20) NOT NULL AUTO_INCREMENT COMMENT '{"user-control":"hidden"}',
  `depo_empresa` varchar(400) COLLATE utf8_unicode_ci NOT NULL COMMENT '{"user-control":"text"}',
  `depo_centro` int(100) NOT NULL COMMENT '{"user-control":"text"}',
  `depo_regiao` varchar(100) CHARACTER SET latin1 DEFAULT NULL COMMENT '{"user-control":"text"}',
  `depo_tipo_logradouro` varchar(100) CHARACTER SET latin1 DEFAULT NULL COMMENT '{"user-control":"text"}',
  `depo_logradouro` varchar(300) CHARACTER SET utf8 NOT NULL COMMENT '{"user-control":"text"}',
  `depo_numero` varchar(50) CHARACTER SET latin1 DEFAULT NULL COMMENT '{"user-control":"text"}',
  `depo_bairro` varchar(50) CHARACTER SET latin1 DEFAULT NULL COMMENT '{"user-control":"text"}',
  `depo_complemento` varchar(50) CHARACTER SET latin1 DEFAULT NULL COMMENT '{"user-control":"text"}',
  `depo_cidade` varchar(100) CHARACTER SET latin1 NOT NULL COMMENT '{"user-control":"text"}',
  `depo_cep` varchar(25) CHARACTER SET latin1 DEFAULT NULL COMMENT '{"user-control":"text"}',
  `depo_status` varchar(50) CHARACTER SET latin1 DEFAULT NULL COMMENT '{"user-control":"select", "datasource-type":"literal", "datasource-literal":"status", "required":"yes"}',
  `depo_livre1` varchar(100) CHARACTER SET latin1 DEFAULT NULL COMMENT '{"user-control":"text"}',
  `depo_livre2` varchar(100) CHARACTER SET latin1 DEFAULT NULL COMMENT '{"user-control":"text"}',
  `depo_livre3` varchar(100) CHARACTER SET latin1 DEFAULT NULL COMMENT '{"user-control":"text"}',
  `depo_observacao` varchar(400) CHARACTER SET utf8 NOT NULL COMMENT '{"user-control":"text"}',
  `depo_leitura` int(11) DEFAULT '1' COMMENT '{"user-control":"hidden"}',
  PRIMARY KEY (`depo_id`),
  UNIQUE KEY `id` (`depo_id`),
  UNIQUE KEY `depo_centro_2` (`depo_centro`),
  KEY `depo_centro` (`depo_centro`),
  KEY `depo_id` (`depo_id`)
) ENGINE=InnoDB AUTO_INCREMENT=795 DEFAULT CHARSET=utf8 COLLATE=utf8_unicode_ci;
/*!40101 SET character_set_client = @saved_cs_client */;

--
-- Dumping data for table `deposito`
--

LOCK TABLES `deposito` WRITE;
/*!40000 ALTER TABLE `deposito` DISABLE KEYS */;
INSERT INTO `deposito` VALUES (784,'ICOMON ITAQUERA',1601,'SAO PAULO','RUA','RUA AGRIMENSOR SUGAYA','400','ITAQUERA',NULL,'SAO PAULO','00000-000','Ativo',NULL,NULL,NULL,'',3),(785,'ICOMON ITAQUERA',2116,'SAO PAULO','RUA','RUA AGRIMENSOR SUGAYA','400','ITAQUERA',NULL,'SAO PAULO','00000-000','Ativo',NULL,NULL,NULL,'',3),(786,'ICOMON ITAQUERA',2875,'SAO PAULO','RUA','RUA AGRIMENSOR SUGAYA','400','ITAQUERA',NULL,'SAO PAULO','00000-000','Ativo',NULL,NULL,NULL,'',3),(787,'ICOMON ITAQUERA',2949,'SAO PAULO','RUA','RUA AGRIMENSOR SUGAYA','400','ITAQUERA',NULL,'SAO PAULO','00000-000','Ativo',NULL,NULL,NULL,'',3),(788,'ICOMON VILA GUILHERME',962,'SAO PAULO','RUA','SÃO QUIRINO','758','VILA GUILHERME',NULL,'SAO PAULO','00000-000','Ativo',NULL,NULL,NULL,'',3),(789,'ICOMON VILA GUILHERME',1375,'SÃO PAULO','RUA','SÃO QUIRINO','758','VILA GUILHERME',NULL,'SAO PAULO','00000-000','Ativo',NULL,NULL,NULL,'',3),(790,'ICOMON VILA GUILHERME',2013,'SAO PAULO','RUA','SÃO QUIRINO','758','VILA GUILHERME',NULL,'SAO PAULO','00000-000','Ativo',NULL,NULL,NULL,'',3),(791,'ICOMON VILA GUILHERME',2117,'SAO PAULO','RUA','SÃO QUIRINO','758','VILA GUILHERME',NULL,'SAO PAULO','00000-000','Ativo',NULL,NULL,NULL,'',3),(792,'ICOMON VILA GUILHERME',2285,'SAO PAULO','RUA','SÃO QUIRINO','758','VILA GUILHERME',NULL,'SAO PAULO','00000-000','Ativo',NULL,NULL,NULL,'',3),(793,'ICOMON VILA GUILHERME',2327,'SAO PAULO','RUA','SÃO QUIRINO','758','VILA GUILHERME',NULL,'SAO PAULO','00000-000','Ativo',NULL,NULL,NULL,'',3),(794,'ICOMON ITAQUERA',2012,'SAO PAULO','RUA','RUA AGRIMENSOR SUGAYA','400','ITAQUERA',NULL,'SAO PAULO','00000-000','Ativo',NULL,NULL,NULL,'',3);
/*!40000 ALTER TABLE `deposito` ENABLE KEYS */;
UNLOCK TABLES;

--
-- Table structure for table `etiquetas`
--

DROP TABLE IF EXISTS `etiquetas`;
/*!40101 SET @saved_cs_client     = @@character_set_client */;
/*!40101 SET character_set_client = utf8 */;
CREATE TABLE `etiquetas` (
  `etiq_id` bigint(20) NOT NULL AUTO_INCREMENT COMMENT '{"user-control":"hidden"}',
  `etiq_depo_centro` bigint(11) NOT NULL COMMENT '{"user-control":"select", "datasource-type":"sql", "datasource-sql":"select.centro", "required":"yes"}',
  `etiq_mate_material` bigint(11) NOT NULL COMMENT '{"user-control":"select", "datasource-type":"sql", "datasource-sql":"select.material", "required":"yes"}',
  `etiq_quantidade` int(50) NOT NULL COMMENT '{"user-control":"text"}',
  `etiq_observacao` varchar(300) CHARACTER SET utf8 NOT NULL COMMENT '{"user-control":"text"}',
  `etiq_cod_final` varchar(50) CHARACTER SET utf8 COLLATE utf8_unicode_ci NOT NULL COMMENT '{"user-control":"hidden"}',
  `etiq_cod_leitura1` varchar(100) DEFAULT NULL COMMENT '{"no-update":"yes"}',
  `etiq_cod_leitura2` varchar(50) DEFAULT NULL COMMENT '{"user-control":"password", "required":"yes", "no-update":"yes"}',
  `etiq_cod_leitura3` varchar(50) DEFAULT NULL COMMENT '{"user-control":"password", "required":"yes", "no-update":"yes"}',
  `etiq_leitura` smallint(11) NOT NULL DEFAULT '1' COMMENT '{"user-control":"hidden"}',
  PRIMARY KEY (`etiq_id`),
  UNIQUE KEY `etiq_id` (`etiq_id`),
  UNIQUE KEY `etiq_cod_final_2` (`etiq_cod_final`),
  KEY `etiq_mate_material` (`etiq_mate_material`),
  KEY `etiq_depo_centro` (`etiq_depo_centro`),
  KEY `etiq_cod_leitura1` (`etiq_cod_leitura1`),
  KEY `etiq_cod_leitura2` (`etiq_cod_leitura2`),
  KEY `etiq_cod_leitura3` (`etiq_cod_leitura3`),
  KEY `etiq_cod_final` (`etiq_cod_final`),
  CONSTRAINT `etiquetas_ibfk_1` FOREIGN KEY (`etiq_mate_material`) REFERENCES `materiais` (`mate_id`),
  CONSTRAINT `etiquetas_ibfk_2` FOREIGN KEY (`etiq_depo_centro`) REFERENCES `deposito` (`depo_id`)
) ENGINE=InnoDB AUTO_INCREMENT=1186 DEFAULT CHARSET=latin1;
/*!40101 SET character_set_client = @saved_cs_client */;

--
-- Dumping data for table `etiquetas`
--

LOCK TABLES `etiquetas` WRITE;
/*!40000 ALTER TABLE `etiquetas` DISABLE KEYS */;
INSERT INTO `etiquetas` VALUES (1184,788,760,10,'','962-0219-0333-7',NULL,NULL,NULL,1),(1185,789,741,10,'','1375-0192-0203-2',NULL,NULL,NULL,1);
/*!40000 ALTER TABLE `etiquetas` ENABLE KEYS */;
UNLOCK TABLES;

--
-- Table structure for table `inventario`
--

DROP TABLE IF EXISTS `inventario`;
/*!40101 SET @saved_cs_client     = @@character_set_client */;
/*!40101 SET character_set_client = utf8 */;
CREATE TABLE `inventario` (
  `inve_id` bigint(20) unsigned NOT NULL AUTO_INCREMENT,
  `inve_data` datetime NOT NULL,
  `inve_etiq_id` bigint(11) NOT NULL,
  `inve_mate_id` bigint(11) NOT NULL,
  `inve_depo_id` bigint(11) NOT NULL,
  `inve_qtde_lvut` int(50) NOT NULL,
  `inve_qtde_exec` int(50) NOT NULL,
  `inve_qtde_amed` int(50) NOT NULL,
  `inve_qtde_total` int(50) NOT NULL,
  `inve_valor_unitario` double NOT NULL,
  `inve_valor_total` double NOT NULL,
  `inve_qtde_exec_eps` int(50) NOT NULL,
  `inve_qtde_amed_eps` int(50) NOT NULL,
  `inve_qtd_cpcon` int(50) NOT NULL,
  `inve_soma` double NOT NULL,
  `inve_dif_final_qtd` int(50) NOT NULL,
  `inve_dif_negativa` double NOT NULL,
  `inve_dif_positiva` int(50) NOT NULL,
  `inve_acura_fisica` int(50) NOT NULL,
  UNIQUE KEY `inve_id` (`inve_id`)
) ENGINE=InnoDB DEFAULT CHARSET=latin1;
/*!40101 SET character_set_client = @saved_cs_client */;

--
-- Dumping data for table `inventario`
--

LOCK TABLES `inventario` WRITE;
/*!40000 ALTER TABLE `inventario` DISABLE KEYS */;
/*!40000 ALTER TABLE `inventario` ENABLE KEYS */;
UNLOCK TABLES;

--
-- Table structure for table `leitura`
--

DROP TABLE IF EXISTS `leitura`;
/*!40101 SET @saved_cs_client     = @@character_set_client */;
/*!40101 SET character_set_client = utf8 */;
CREATE TABLE `leitura` (
  `leit_id` bigint(20) NOT NULL AUTO_INCREMENT,
  `leit_cpf` varchar(30) NOT NULL,
  `leit_identificacao_material` varchar(100) DEFAULT NULL,
  `leit_num_etiq` int(50) NOT NULL,
  `leit_data` timestamp NOT NULL DEFAULT CURRENT_TIMESTAMP,
  `leit_quantidade_aferida` int(20) NOT NULL,
  `leit_id_material` int(50) NOT NULL,
  `leit_loc_material` varchar(250) NOT NULL,
  `leit_etiq_id` bigint(11) NOT NULL,
  `leit_mate_id` bigint(11) NOT NULL,
  `leit_livre1` varchar(200) DEFAULT NULL,
  `leit_livre2` varchar(200) DEFAULT NULL,
  `leit_cod_leitura` varchar(50) NOT NULL,
  `leit_nu_leitura` int(11) NOT NULL DEFAULT '1',
  `leit_nu_leit_grupo` smallint(11) NOT NULL DEFAULT '1',
  PRIMARY KEY (`leit_id`),
  UNIQUE KEY `inve_id_2` (`leit_id`),
  KEY `inve_id` (`leit_id`),
  KEY `inve_id_material` (`leit_id_material`),
  KEY `inve_etiq_id` (`leit_etiq_id`),
  KEY `inve_mate_id` (`leit_mate_id`),
  CONSTRAINT `fk_inve_etiq` FOREIGN KEY (`leit_etiq_id`) REFERENCES `etiquetas` (`etiq_id`),
  CONSTRAINT `fk_inve_mate` FOREIGN KEY (`leit_mate_id`) REFERENCES `materiais` (`mate_id`)
) ENGINE=InnoDB AUTO_INCREMENT=149 DEFAULT CHARSET=latin1;
/*!40101 SET character_set_client = @saved_cs_client */;

--
-- Dumping data for table `leitura`
--

LOCK TABLES `leitura` WRITE;
/*!40000 ALTER TABLE `leitura` DISABLE KEYS */;
INSERT INTO `leitura` VALUES (123,'','962-0219-0333-7/1',1,'2016-04-10 03:56:55',1,1,'1.1',1184,760,'','','1-962-0219-0333-7',1,3),(124,'','962-0219-0333-7/1',1,'2016-04-10 03:57:35',2,2,'1.1',1184,760,'','','2-962-0219-0333-7',2,3),(125,'','1375-0192-0203-2/1',1,'2016-04-10 04:00:28',1,1,'1.1',1185,741,'','','1-1375-0192-0203-2',1,1),(126,'','1375-0192-0203-2/2',2,'2016-04-10 04:00:38',1,1,'2.1',1185,741,'','','1-1375-0192-0203-2',1,1),(127,'','1375-0192-0203-2/3',3,'2016-04-10 04:00:54',1,1,'3.1',1185,741,'','','1-1375-0192-0203-2',1,1),(128,'','1375-0192-0203-2/4',4,'2016-04-10 04:01:03',1,1,'1',1185,741,'1','1','1-1375-0192-0203-2',1,1),(129,'','1375-0192-0203-2/5',5,'2016-04-10 04:01:12',1,1,'4.1',1185,741,'','','1-1375-0192-0203-2',1,1),(130,'','1375-0192-0203-2/6',6,'2016-04-10 04:01:21',1,1,'5.1',1185,741,'','','1-1375-0192-0203-2',1,1),(131,'','1375-0192-0203-2/7',7,'2016-04-10 04:01:37',1,1,'6.1',1185,741,'','','1-1375-0192-0203-2',1,1),(132,'','1375-0192-0203-2/8',8,'2016-04-10 04:01:44',1,1,'7.1',1185,741,'','','1-1375-0192-0203-2',1,1),(133,'','1375-0192-0203-2/9',9,'2016-04-10 04:01:50',1,1,'8.1',1185,741,'','','1-1375-0192-0203-2',1,1),(134,'','1375-0192-0203-2/10',10,'2016-04-10 04:01:58',1,1,'9.1',1185,741,'','','1-1375-0192-0203-2',1,1),(135,'','962-0219-0333-7/2',2,'2016-04-10 04:03:09',1,1,'1',1184,760,'1','1','1-962-0219-0333-7',1,2),(136,'','962-0219-0333-7/3',3,'2016-04-10 04:03:17',1,1,'1',1184,760,'1','1','1-962-0219-0333-7',1,1),(137,'','962-0219-0333-7/2',2,'2016-04-10 04:03:31',1,1,'1.2',1184,760,'','','2-962-0219-0333-7',2,2),(138,'','962-0219-0333-7/4',4,'2016-04-10 04:04:16',1,1,'3',1184,760,'','','1-962-0219-0333-7',1,2),(139,'','962-0219-0333-7/5',5,'2016-04-10 04:04:23',1,1,'4',1184,760,'','','1-962-0219-0333-7',1,1),(140,'','962-0219-0333-7/6',6,'2016-04-10 04:04:31',1,1,'5',1184,760,'','','1-962-0219-0333-7',1,1),(141,'','962-0219-0333-7/7',7,'2016-04-10 04:04:39',1,1,'6',1184,760,'','','1-962-0219-0333-7',1,1),(142,'','962-0219-0333-7/8',8,'2016-04-10 04:04:46',1,1,'7',1184,760,'','','1-962-0219-0333-7',1,1),(143,'','962-0219-0333-7/9',9,'2016-04-10 04:04:56',1,1,'8',1184,760,'','','1-962-0219-0333-7',1,1),(144,'','962-0219-0333-7/10',10,'2016-04-10 04:05:08',1,1,'9',1184,760,'','','1-962-0219-0333-7',1,3),(145,'','962-0219-0333-7/10',10,'2016-04-10 04:09:56',1,1,'9.11',1184,760,'','','2-962-0219-0333-7',2,3),(146,'','962-0219-0333-7/1',1,'2016-04-10 04:18:04',1,1,'1.3',1184,760,'','','3-962-0219-0333-7',3,3),(147,'','962-0219-0333-7/10',10,'2016-04-10 04:19:09',1,1,'9.11',1184,760,'','','3-962-0219-0333-7',3,3),(148,'','962-0219-0333-7/4',4,'2016-04-10 04:42:20',1,1,'3.1',1184,760,'','','2-962-0219-0333-7',2,2);
/*!40000 ALTER TABLE `leitura` ENABLE KEYS */;
UNLOCK TABLES;

--
-- Table structure for table `materiais`
--

DROP TABLE IF EXISTS `materiais`;
/*!40101 SET @saved_cs_client     = @@character_set_client */;
/*!40101 SET character_set_client = utf8 */;
CREATE TABLE `materiais` (
  `mate_id` bigint(11) NOT NULL AUTO_INCREMENT COMMENT '{"user-control":"hidden"}',
  `mate_codigo` varchar(200) CHARACTER SET latin1 NOT NULL COMMENT '{"user-control":"text"}',
  `mate_nome` varchar(400) CHARACTER SET utf8mb4 COLLATE utf8mb4_unicode_ci NOT NULL COMMENT '{"user-control":"text"}',
  `mate_unidade_medida` varchar(100) CHARACTER SET utf8 NOT NULL COMMENT '{"user-control":"text"}',
  `mate_valor_unitario` varchar(100) CHARACTER SET latin1 NOT NULL COMMENT '{"user-control":"text"}',
  `mate_livre1` varchar(200) CHARACTER SET latin1 DEFAULT NULL COMMENT '{"user-control":"text"}',
  `mate_livre2` varchar(200) CHARACTER SET latin1 DEFAULT NULL COMMENT '{"user-control":"text"}',
  `mate_livre3` varchar(200) CHARACTER SET latin1 DEFAULT NULL COMMENT '{"user-control":"text"}',
  `mate_observacao` varchar(400) CHARACTER SET latin1 DEFAULT NULL COMMENT '{"user-control":"text"}',
  PRIMARY KEY (`mate_id`),
  UNIQUE KEY `id` (`mate_id`),
  UNIQUE KEY `codigo` (`mate_codigo`),
  KEY `mate_id` (`mate_id`)
) ENGINE=InnoDB AUTO_INCREMENT=1467 DEFAULT CHARSET=utf8 COLLATE=utf8_unicode_ci;
/*!40101 SET character_set_client = @saved_cs_client */;

--
-- Dumping data for table `materiais`
--

LOCK TABLES `materiais` WRITE;
/*!40000 ALTER TABLE `materiais` DISABLE KEYS */;
INSERT INTO `materiais` VALUES (699,'0006-0555-7','MODULO CISCO PVDM3-32','U','2353.39','','','',NULL),(700,'0019-0036-6','ESPELHO BAST 4 X 2 C/2 SAIDAS .0006','U','2.68','','','',NULL),(701,'0030-0062-1','CAIXA SUPERF RJ 45 EKT.0010','U','2.43','','','',NULL),(702,'0030-0064-8','CANALETA 210 X 20mm HT2010','U','1.25','','','',NULL),(703,'0030-0065-6','COTOVELO INTERNO AI2011','U','0.31','','','',NULL),(704,'0030-0066-4','COTOVELO EXTERNO AE2012','U','0.31','','','',NULL),(705,'0030-0067-2','LUVA AU2016','U','0.29','','','',NULL),(706,'0041-0050-6','REGUA ALIMENTACAO 4 TOMADAS 110/220V','U','22.22','','','',NULL),(707,'0055-0051-6','CABO ENERGIA TRI 1 NBR14136 X 1 IECC13','U','5.42','','','',NULL),(708,'0078-0475-0','MODULO PVDM3 - 64','U','4734.09','','','',NULL),(709,'0080-0003-4','MODULO -HWIC-1FE','U','1527.27','','','',NULL),(710,'0080-0005-0','MODULO -HWIC-2FE','U','2447.81','','','',NULL),(711,'0080-0058-1','MODULO -WIC-1B-S/T-V3','U','735.2','','','',NULL),(712,'0091-0004-0','CORDAO PATH 2prs 100 ohms EKT.0017x RJ45','U','14.83','','','',NULL),(713,'0091-0005-9','CORDAO PATH RJ45 X RJ45 2mts 5e EKT.0009','U','6.24','','','',NULL),(714,'0092-0014-2','ROTEADOR - CISCO1841','U','0','','','',NULL),(715,'0092-0114-9','MODEM V - 90','U','0','','','',NULL),(716,'0092-0225-0','ROTEADOR CISCO 2911-V/K9','U','0.01','','','',NULL),(717,'0092-0294-3','MODULO 1PORT ENHANCED SERIAL SIC-JD557A','U','305.76','','','',NULL),(718,'0092-0336-2','ROTEADOR CISCO2911-V/K9-ITAU','U','5148.6','','','',NULL),(719,'0092-0350-8','INTERFACE OTICA SFP-6 GBE','U','143.93','','','',NULL),(720,'0092-0351-6','PAINEL E1 MODEM SHDSL MP4100 ASMI EG RAD','U','444.44','','','',NULL),(721,'0092-0353-2','MODEM SHDSL MP-4100  ASMI RPF EG RAD CEN','U','1360.06','','','',NULL),(722,'0092-0355-9','MODEM SHDSLBIS ASMI-RPF-EG RAD ASSINANTE','U','1014.66','','','',NULL),(723,'0092-0356-7','HUB DE ALIMENTACAO MP-4100 - VDC RAD','U','6872.73','','','',NULL),(724,'0092-0455-5','ROTEADOR WI-FI PADRAO N PIRELLI E4001N','U','0.01','','','',NULL),(725,'0099-0100-0','EQUIPAMENTO ONT INTEROPERAVEL DELTA','U','236.49','','','',NULL),(726,'0099-0108-1','SUBDUTO FLEX TEXTIL 53 MM. C/ 2 CONDUTOS','M','0','','','',NULL),(727,'0186-0002-6','DISTRIB GERAL OPTICO 72 FO PAREDE - DGOI','U','228.32','','','',NULL),(728,'0186-0004-2','CAIXA DIST OPT EDIF CONECT - 12 PIG TAIL','U','148.58','','','',NULL),(729,'0186-0005-0','CAIXA DIST OPT INT 12 FO-CDOI CABO RISER','U','58.4','','','',NULL),(730,'0186-0006-9','DIST GERAL OPT INT 72 FO-DGOI CABO RISER','U','86.95','','','',NULL),(731,'0186-0007-7','CAIXA DIST OPT INT 12 FO-CDOI RISER / BA','U','33.1','','','',NULL),(732,'0186-0008-5','DIST GERAL OPT INT 72 FO-DGOI RISER - BA','U','97.87','','','',NULL),(733,'0186-0022-0','DGOI CONECTORIZADO (DGOI C) - 48 FO','U','1185.07','','','',NULL),(734,'0186-0024-7','DGOI CONECTORIZADO (DGOI C) - 72 FO','U','3483.48','','','',NULL),(735,'0186-0030-1','DROP OPTICO PRE-C FIG8 COMP OPTITAP 50M','U','81.39','','','',NULL),(736,'0186-0036-0','DGOI CONECT MODULAR 144F - PAREDE','U','3570.47','','','',NULL),(737,'0186-0038-7','DROP OPTICO PRE-C FIG8 COMP OPTITAP 300M','U','269.19','','','',NULL),(738,'0186-0041-7','CAIXA DIST. OPT EDIF. CONECT - 8 SPLITTE','U','237.59','','','',NULL),(739,'0192-0016-1','SPLITTER DE ASSINANTE PARA ADSL','U','8.5','','','',NULL),(740,'0192-0118-4','MICROFILTRO SIMPLES FILTRO ASSIN P/SERV','U','3.78','','','',NULL),(741,'0192-0203-2','ADAP. USB WI-FI D-LINK DWL-G122 P/ LOCA.','U','107.44','','','',NULL),(742,'0192-0204-0','PLACA PCMCIA WI-FI D-LINK DWL-G630  P/LO','U','107.43','','','',NULL),(743,'0192-0217-2','CTO - CAIXA TERMINAL OPTICA','U','274.16','','','',NULL),(744,'0192-0218-0','CONJ. EMENDA CABO OPT. SUBT 144F AC FTTH','U','0','','','',NULL),(745,'0192-0232-6','PONTO TERMINACAO OPTICA-PTO-FTTH','U','5.4','','','',NULL),(746,'0192-0249-0','KIT SPEEDY ADSL 2 ETH - GENERICO','U','36.46','','','',NULL),(747,'0192-0269-5','MODEM VDSL2 HUAWEI (HG5M4520V)','U','209.16','','','',NULL),(748,'0192-0325-0','MODEM ADSL ETH TECHNICOLOR C/ FONTE','U','0.38','','','',NULL),(749,'0192-0344-6','KIT SPEEDY BHS VDSL ARCADYAN','U','142.8','','','',NULL),(750,'0192-0348-9','MODEM ADSL ETH D-LINK C/ FONTE','U','0.95','','','',NULL),(751,'0192-0352-7','MODEM BHS TECHNICOLOR','U','4.53','','','',NULL),(752,'0192-0353-5','MODEM BHS FIBER HOME','U','0','','','',NULL),(753,'0192-0372-4','MODEM ADSL 2 ETH COLETEK','U','42.76','','','',NULL),(754,'0192-0375-7','MODEM BHS COLETEK','U','112.92','','','',NULL),(755,'0192-0388-2','HOME GATEWAY UNIT - HGU MITRASTAR','U','325.81','','','',NULL),(756,'0192-0389-3','MODEM ADSL BHS V3 MITRASTAR','U','111.08','','','',NULL),(757,'0192-0395-9','MICROFILTRO COMB PROT SURTO ELETCO XDSL','U','12.5','','','',NULL),(758,'0219-0022-1','KIT DERIVACAO FIST-GCO DERIVACAO RAYCHEM','U','16.78','','','',NULL),(759,'0219-0024-8','CADEADO CORRENTE ARMARIO DISTRIBUICAO','U','78.9','','','',NULL),(760,'0219-0333-7','ABRAC. ACO INOX AUTO TRAVANTE S/PROT','U','2.23','','','',NULL),(761,'0221-0051-2','CURVA PLANAR DO MINI DUTO 1 FO SM FTTX','U','0.5','','','',NULL),(762,'0230-0031-7','TAMPAO DUTO VAGO TDV-PVC 100/PEAD 110MM','U','15.58','','','',NULL),(763,'0230-0052-0','TAMPAO DUTO OCUPADO - TDO (TDUX)','U','39.97','','','',NULL),(764,'0230-0140-2','DUTO PEAD 110 ANELADO','U','26.2','','','',NULL),(765,'0230-0141-0','SEGMENTO DUTO PEAD 110 ANELADO P/ CURVA','U','9.62','','','',NULL),(766,'0241-0026-9','BLOCO BOBINA PUPIN B-10-M/66 66MH','U','69.71','','','',NULL),(767,'0241-0035-8','TERMINAL CONEXAO TESTE ATERRAMENTO-TCTA1','U','56.57','','','',NULL),(768,'0245-0004-6','TRANSDUTOR PRESSAO EXTERNO TPE','U','253.38','','','',NULL),(769,'0251-0010-6','FIO TELEF EXTERNO FEB-D-90 ASF','M','0.46','','','',NULL),(770,'0251-0022-0','FIO TELEF EXTERNO FE-AA-100 PEAD','M','0.51','','','',NULL),(771,'0252-0014-3','CABO TEL CTP-APL 40-  30 COM PAR PILOTO','M','3.61','','','',NULL),(772,'0252-0017-8','CABO TEL CTP-APL 40- 100 COM PAR PILOTO','M','9.4','','','',NULL),(773,'0252-0026-7','CABO TEL CTP-APL 40-1800 COM PAR PILOTO','M','164.44','','','',NULL),(774,'0252-0033-0','CABO TEL CTP-APL 50-  50 COM PAR PILOTO','M','7.77','','','',NULL),(775,'0252-0035-6','CABO TEL CTP-APL 50- 100 COM PAR PILOTO','M','12.08','','','',NULL),(776,'0252-0049-6','CABO TEL CTP-APL 65- 50 COM PAR PILOTO','M','9.53','','','',NULL),(777,'0252-0053-4','CABO TEL CTP-APL 65-200 COM PAR PILOTO','M','27.77','','','',NULL),(778,'0252-0057-7','CABO TEL CTP-APL 65-900 COM PAR PILOTO','M','158.69','','','',NULL),(779,'0252-0261-8','CABO TEL CTP-APL-AC 50-200 C/ PAR PILOTO','M','35.81','','','',NULL),(780,'0252-0267-7','CABO TEL CTP-APL-AC 50-100 C/ PAR PILOTO','M','18.45','','','',NULL),(781,'0252-0268-5','CABO TEL CTP-APL-AC 50-50 C/ PAR PILOTO','M','10.62','','','',NULL),(782,'0256-0043-5','CHASSI RR-90','U','682.9','','','',NULL),(783,'0256-0046-0','SUPORTE DIELETRICO CABO OPTICO 11 A 19MM','U','10.7','','','',NULL),(784,'0256-0234-9','LACO PREFORM P/ DROP OPT ASU ATE 12 FO','U','1.37','','','',NULL),(785,'0256-0239-0','ALCA PREF P/CFOA-SM-AS-36-S COMPACTO','U','7.1','','','',NULL),(786,'0256-0240-3','LACO PREF P/CFOA-SM-AS-36-S COMPACTO','U','3.12','','','',NULL),(787,'0256-0241-1','MINI DUTO 1FO SM SIST ACESSO APAR FTTX','M','8.14','','','',NULL),(788,'0258-0019-1','BLOCO CONEXAO SECUND ARM FIBRA ARD-FV','U','9.83','','','',NULL),(789,'0258-0020-5','BLOCO DG CONT CILIN NF CJ 100 PARES REDE','U','156.27','','','',NULL),(790,'0258-0032-9','CAIXA TERMINAL SUBTERRANEA TSU-20','U','226.36','','','',NULL),(791,'0258-0069-8','ARMARIO DISTR ALUMINIO ARD-AL 14PEDESTAL','U','1618.13','','','',NULL),(792,'0258-0093-0','BLOCO TERM ENG RAP 50P ARD(SUBST BLA50)','CJ','42.87','','','',NULL),(793,'0258-0135-0','BLOCO TERM BER-5 50 PARES SUBST BLA-50','CJ','36.47','','','',NULL),(794,'0258-0140-6','BLOCO TERM BER-10 COMPACTO BASTID CILIND','U','9.08','','','',NULL),(795,'0258-0142-2','SUPORTE PERFIL CILINDRICO 100P BL BER-10','U','41.25','','','',NULL),(796,'0258-0143-0','SUPORTE PERFIL CILINDRICO 600P BL BER-10','U','61.8','','','',NULL),(797,'0258-0149-0','SUPORTE PERFIL CILINDRICO 50P BL BER-10','U','32.14','','','',NULL),(798,'0258-0163-5','PONTO TERMINAL DE REDE-OPTICO (PTR-O)','U','14.39','','','',NULL),(799,'0258-0165-1','TERMINAL ACESSO REDE TAR-10-2-10 S/PROT','U','71.57','','','',NULL),(800,'0258-0166-0','TERMINAL ACESSO REDE TAR-20-2-10 S/PROT','U','110.4','','','',NULL),(801,'0260-0033-4','CONJUNTO EMENDA MECANICA CEPM-3','U','529.81','','','',NULL),(802,'0260-0044-0','CONECTOR TOPO EMENDA SANGRIA UPD IMPREG','U','0.14','','','',NULL),(803,'0260-0045-8','CONJUNTO TERMOCONTRATIL CTCT-3','CJ','43.05','','','',NULL),(804,'0260-0048-2','CONECTOR TOPO UNIVERSAL SUBSTITUICAO UPS','U','0.7','','','',NULL),(805,'0260-0058-0','MANTA TERMOCONTRATIL T-APL-1','CJ','48.95','','','',NULL),(806,'0260-0077-6','CONECTOR MODULAR 25 P EMENDA DIRETA','U','3.68','','','',NULL),(807,'0260-0093-8','CONJUNTO BLOQUEIO PRESSAO ENFAIX CBP-II','CJ','20.69','','','',NULL),(808,'0260-0108-0','CONJUNTO EMENDA SUBT CABO PRESS 55/160MM','CJ','177.66','','','',NULL),(809,'0260-0112-8','CONECTOR LINEAR SECO (101)','U','0.19','','','',NULL),(810,'0260-0123-3','CONECTOR MODULAR 25 P EMENDA DERIVADA','U','3.81','','','',NULL),(811,'0260-0136-5','CONECTOR PICABOND UNIVERSAL VERDE','U','0.26','','','',NULL),(812,'0260-0142-0','CONECTOR PICABOND  AZUL','U','0.23','','','',NULL),(813,'0260-0193-4','MANTA TERMOCONTRATIL TIPO 1 15 A 35MM','CJ','39.27','','','',NULL),(814,'0260-0203-5','DISCO FECHAMENTO LATERAL CEPM4','U','105.89','','','',NULL),(815,'0260-0204-3','DISCO FECHAMENTO LATERAL CEPM3','U','107.87','','','',NULL),(816,'0260-0205-1','DISCO FECHAMENTO LATERAL CEPM2','U','66.44','','','',NULL),(817,'0260-0217-5','CONJ EMENDA E TERMINAL ACESSO-CERTA 10P','CJ','58.67','','','',NULL),(818,'0260-0221-3','MANTA TERMOCONTRATIL REFORCADA 10 A 50MM','U','21.65','','','',NULL),(819,'0288-0001-0','ANTENA YAGI TIPO B','U','168.47','','','',NULL),(820,'0291-0005-4','REGENERADOR HDSL 2M EDU840 L3 PAIRGAIN','U','0','','','',NULL),(821,'0319-0011-9','FECHADURA PARA ARMARIO ARD-AL','U','53.3','','','',NULL),(822,'0319-0049-6','SUPORTE BLOCO P/ARMARIO FIBRA ARD-FV','PAR','5.56','','','',NULL),(823,'0319-0084-4','BASTIDOR P/15 BLOCOS C/CONECT BLINDAGEM','U','8.17','','','',NULL),(824,'0319-0094-1','SUB-BAST P/MODENS DADOS PADRAO TELEBRAS','U','0','','','',NULL),(825,'0319-0311-8','KIT BASTIDOR ARMARIO OPT. MOD. TELSUL','CJ','268.74','','','',NULL),(826,'0345-0014-6','TRANSDUTOR PRESSAO INTERNO TPI','U','417.43','','','',NULL),(827,'0351-0023-0','FIO TELEF FDG-50-2 VERMELHO E BRANCO','M','0.06','','','',NULL),(828,'0358-0013-5','MODULO PROT MP-R BL CONT CILINDRICO','U','5.85','','','',NULL),(829,'0358-0054-2','TAMPA ADAPTADORA','U','0.03','','','',NULL),(830,'0378-1560-1','SPLITTER ASSINANTE VDSL','U','9.66','','','',NULL),(831,'0380-8805-3','CTOP 8 CABO DROP COM SPLITTER 1:8','U','449.5','','','',NULL),(832,'0386-0548-1','SUB-BASTIDOR 12 FO BEO-DIO 1 U E 19','U','117.39','','','',NULL),(833,'0386-0550-3','MOD EMENDA(ME) MOD CONEX(MC) 12F MOD NOV','CJ','119.32','','','',NULL),(834,'0386-0552-0','SUB-BASTIDOR 1 OU MAIS MOD ME/MC 12 FIB','U','179.69','','','',NULL),(835,'0386-0569-4','DISTRIBUIDOR GERAL OPTICO MOD 36 FIBRAS','U','1006.92','','','',NULL),(836,'0386-1115-5','BASTIDOR PARA DGO DE CENTRAL TELEFONICA','U','1405.01','','','',NULL),(837,'0387-0059-0','SET TOP BOX HD DTH C/ISDBT S/HDMI','U','33.16','','','',NULL),(838,'0387-0114-6','SET TOP BOX HD DTH LOW COST SAGEM','U','31.59','','','',NULL),(839,'0387-0143-0','SET TOP BOX IPTV LOW COST','U','273.89','','','',NULL),(840,'0387-0169-3','SET TOP BOX IPTV LOW COST CISCO','U','271.12','','','',NULL),(841,'0391-0240-8','FONTE ALIMENT DTU 2801 AC/DC 110 / 220 V','U','0','','','',NULL),(842,'0391-0526-1','TERMINAL REDE OPTICO ONT','U','228.93','','','',NULL),(843,'0392-0674-2','MODEM DTU 2703 V35','U','0.01','','','',NULL),(844,'0392-1071-5','EQUIPAMENTO ONT INTEROPERAVEL','U','138.64','','','',NULL),(845,'0392-1084-5','MCU-S GERENCIA - FASTLINK','U','7042.42','','','',NULL),(846,'0392-1085-3','KIT INSTALACAO - FASTLINK','U','310.11','','','',NULL),(847,'0430-0002-9','SUBDUTO SINGELO RANHURADO 40MM DIAM EXT','M','2.27','','','',NULL),(848,'0452-0004-1','CABO FO CFOA-SM-DD-G-144','M','11.1','','','',NULL),(849,'0452-0014-9','CABO FO CFOA-SM-DD-G-18','M','2.22','','','',NULL),(850,'0452-0022-0','CABO FO CFOA-SM-DD-S-72 - TS','M','5.15','','','',NULL),(851,'0452-0023-8','CABO FO CFOA-SM-DD-S-144 - TS','M','11.83','','','',NULL),(852,'0452-0048-3','CABO FO CFOA-SM-DD-G-06','M','1.57','','','',NULL),(853,'0452-0051-3','CABO FO CFOA-SM-DE-G-36','M','5.55','','','',NULL),(854,'0452-0056-4','CABO FO CFOA-SM-AS-080-G-12','M','2.32','','','',NULL),(855,'0452-0070-0','CABO FO CFOA-SM-ARD-G-72 (ANTI-ROEDOR)','M','20.14','','','',NULL),(856,'0452-0086-6','CORDAO OPTICO INTERNO-COI-20 METROS-FTTH','U','10.99','','','',NULL),(857,'0452-0093-9','CABO FO CFOI-BLI-UB 24 LSZH MICROMODULO','M','3.3','','','',NULL),(858,'0452-0094-7','CABO FO CFOI-BLI-UB 48 LSZH MICROMODULO','M','6.39','','','',NULL),(859,'0452-0096-3','CABO FO CFOI-SM-UB-24 DIF','M','2.96','','','',NULL),(860,'0452-0097-1','CABO FO CFOI-SM-UB-36 DIF','M','3.9','','','',NULL),(861,'0452-0105-6','CABO FO CFOA-SM-DDR-G-144 (ANTI-ROEDOR)','M','12.25','','','',NULL),(862,'0452-0109-1','CABO FO CFOA-SM-DD-G-144','M','9.23','','','',NULL),(863,'0452-0111-8','CABO FO CFOA-SM-DD-G-72','M','0','','','',NULL),(864,'0452-0116-5','CABO FO CFOT-SM-UB-144 F - TS LSZH','M','13.44','','','',NULL),(865,'0452-0121-4','CABO OPTICO CFOA-SM AS 80 36F TS','M','4','','','',NULL),(866,'0456-0018-0','CONJ ANCORAGEM CABO FO VAO 80M ATE 36FO','U','6.72','','','',NULL),(867,'0456-0022-8','CONJ ANCORAGEM CABO FO VAO 200M ATE 12FO','U','10.46','','','',NULL),(868,'0456-0023-6','CONJ ANCORAGEM CABO FO VAO 200M 18-36FO','U','17.2','','','',NULL),(869,'0456-0025-2','CONJ ANCORAGEM CABO FO VAO 200M DE 72FO','U','9.97','','','',NULL),(870,'0456-0027-2','CONJ EMEN CABO OPT AEREO SUBT 12 A 24 FO','CJ','124.92','','','',NULL),(871,'0456-0028-3','CONJ EMEN CABO OPT AEREO SUBT 36 A 48 FO','CJ','134.29','','','',NULL),(872,'0456-0029-4','CONJ EMEN CABO OPT AEREO SUBT 60 A 72 FO','CJ','143.62','','','',NULL),(873,'0458-0008-1','ADAPTADOR P/ CONECTOR OPTICO SC-PC','U','1.99','','','',NULL),(874,'0458-0011-1','CTO-CAIXA DE TERMINACAO OPT. DE FACHADA','U','378.33','','','',NULL),(875,'0460-0009-7','CONJ EMENDA OPTICA SUBT TRONCO 144 F.O.','U','365.86','','','',NULL),(876,'0460-0012-7','CONJUNTO EMENDA CABO OPTICO AEREO 36 FO','U','150.15','','','',NULL),(877,'0460-0021-6','CONJUNTO EMENDA CABO OPTICO AEREO 12 FIB','U','148.69','','','',NULL),(878,'0460-0034-8','KIT DERIVACAO REXTEL MODELO UCAO','U','22','','','',NULL),(879,'0460-0035-6','KIT DERIVACAO QUADRAC MODELO CEO-Q','U','15.83','','','',NULL),(880,'0460-0036-4','KIT DERIVACAO PLP MODELO FIBRE GUARD','U','21.77','','','',NULL),(881,'0460-0037-2','KIT DERIVACAO BARGOA MODELO TSU','U','32.62','','','',NULL),(882,'0460-0039-9','KIT DERIVACAO TYCO MODELO FIST-TAP','U','10.26','','','',NULL),(883,'0460-0041-0','SUPORTE DE CABOS OPTICOS EM MEIO DE VAO','U','44.37','','','',NULL),(884,'0460-0042-9','CTOS- CX TERM OPT SUBT P/ COND. RESID','U','179.72','','','',NULL),(885,'0460-0043-7','KIT DERIVACAO ETK MODELO SOFS-12/72 FO','U','22.98','','','',NULL),(886,'0460-0045-7','SUPORTE FIXACAO CONJ EMENDA OPT EM POSTE','CJ','11.49','','','',NULL),(887,'0486-0051-2','BANDEJA DE 12 F.O. UTILIZACAO EM DGOI','U','29.21','','','',NULL),(888,'0692-0076-9','MODEM UP3420','U','0','','','',NULL),(889,'0692-0084-0','CONVERSOR DATACOM 2M DM704C MESA','U','0','','','',NULL),(890,'0692-0234-6','MODEM XDSL WIV G703 2F NTU MESA','U','0.01','','','',NULL),(891,'0692-0235-4','MODEM XDSL WIV G703/V35 2F NTU MESA','U','0.01','','','',NULL),(892,'0692-0245-1','MODEM LTU 804 G703/V35 ADC','U','0','','','',NULL),(893,'0692-0246-0','MODEM UTU804 G703/V35 ADC','U','0','','','',NULL),(894,'0692-0251-6','FONTE AC/DC-48V SCHMID','U','161.39','','','',NULL),(895,'0692-0289-3','MODEM SHDSL 2.3M G703/V35 4F SCHMID ASS','U','0','','','',NULL),(896,'0692-0295-8','MODEM SHDSL 2.3M G703/V35 4F DIGITEL CEN','U','149.54','','','',NULL),(897,'0692-0298-2','MODEM SHDSL 2.3M G703/V35 4F DATACOM ASS','U','0','','','',NULL),(898,'0692-0307-5','MODEM SHDSL 2.3M LTU G.703 SCHIMID DUAL','U','1229.44','','','',NULL),(899,'0692-0310-5','MODEM SHDSL PHOENIX 33NTU INTERSPACE ASS','U','0.01','','','',NULL),(900,'0692-0317-2','SUB BASTIDOR MP-4100 C FONTE RAD','U','1026.48','','','',NULL),(901,'0692-0318-0','FONTE ALIMENTACAO MP-4100 - 48VDC RAD','U','1068.86','','','',NULL),(902,'0692-0321-0','CABO E1 MODEM SHDSL MP-4100 ASMI EG RAD','U','150.12','','','',NULL),(903,'0692-0322-9','CABO SDHSL MODEM SHDSL MP4100 ASMIEG RAD','U','73.16','','','',NULL),(948,'0192-0215-6','SPLITTER OPT. PASS?VO 1:2 3.5dB-FTTH','U','21.48','','','',NULL),(951,'0192-0219-9','SPLITTER ?PT. PASS?VO 1:8-10.4dB-FTTH','U','41.26','','','',NULL),(952,'0192-0220-2','SPLITTER ?PT. PASS?VO 1:16-13.5dB-FTTH','U','68.95','','','',NULL),(953,'0192-0221-0','SPLITTER ?PT. PASS?VO 1:32-17.5dB-FTTH','U','126.3','','','',NULL),(993,'0256-0062-1','DERIVA??O T PR?-FORMADA CORDOALHA 4.8MM','PAR','0.87','','','',NULL),(994,'0256-0074-5','HASTE ATERRAMENTO COBREADA 14.4MM DIAMET','U','36.56','','','',NULL),(995,'0256-0091-5','LA?O PR?-FORMADO LPF 6.4','U','0.3','','','',NULL),(996,'0256-0153-9','AL?A PR?-FORMADA APF 6.4MM','U','1.82','','','',NULL),(997,'0256-0180-6','DERIVA??O T PR?-FORMADA P/CORDOALHA 6.4','PAR','0.71','','','',NULL),(1012,'0258-0153-8','TERMINAL ACESSO REDE TAR-10-2-5.5 S/PROT','U','56.54','','','',NULL),(1043,'0352-0031-6','CABO COAXIAL RF-75 0.4/2.5T 75 OHMS PT','M','0.4','','','',NULL),(1312,'ZZ','XX','CC','VV','','','',NULL),(1337,'0030-0061-3','COTOVELO 90? AR2013','U','0.31','','','',NULL),(1338,'0041-0051-4','ADAPTADOR TOMADA 2P+T','U','2.18','','','',NULL),(1339,'0055-0013-3','CABO -CAB-E1-RJ45BNC','U','154.97','','','',NULL),(1340,'0055-0027-3','CABO -CAB-SS-V35MT','U','113.18','','','',NULL),(1341,'0055-0037-0','CABO - CAB-AC','U','78.29','','','',NULL),(1342,'0055-0075-3','CABO AUXILIAR CISCO RJ45','U','48.52','','','',NULL),(1343,'0056-0002-2','IDENTIFICADOR PARA DROP OPTICO','U','0.45','','','',NULL),(1344,'0056-0003-0','ALCA PREFORM P/ DROP OPT ASU ATE 12 FO','U','4.65','','','',NULL),(1345,'0056-0004-5','IDENTIFICADOR PARA DROP OPTICO - FTTA','U','0.49','','','',NULL),(1346,'0060-0004-5','CONECTOR LINEAR IMPREGNADO MULTIPLO - 10','U','0.24','','','',NULL),(1347,'0078-0470-9','MODULO CISCO VWIC3-1MFT-T1/E1','U','2146.15','','','',NULL),(1348,'0078-0477-6','ALETA ROUTER CISCO ACS FAMILIA 1900RM 19','U','180.04','','','',NULL),(1349,'0078-0536-5','MODULO CISCO EHWIC-4ESG','U','849.86','','','',NULL),(1350,'0080-0048-4','MODULO -VIC2-2FXO','U','466.65','','','',NULL),(1351,'0080-0050-6','MODULO -VIC2-4FXO','U','1032.11','','','',NULL),(1352,'0080-0120-0','MODULO HWIC 1T','U','452.57','','','',NULL),(1353,'0080-0121-9','MODULO HWIC 2T','U','821.91','','','',NULL),(1354,'0080-0124-3','MODULO VIC3 2FXS/DID','U','782.47','','','',NULL),(1355,'0087-0009-5','ANTENA UHF HDTV DTH','U','18.53','','','',NULL),(1356,'0087-0010-9','LNB OTIMIZADO HD DTH','U','38.88','','','',NULL),(1357,'0087-0011-7','DIPLEXER VHF UHF DTH','U','3.08','','','',NULL),(1358,'0087-0029-0','STB IPTV CISCO ISB7100 LOW COST C/HDMI','U','3.87','','','',NULL),(1359,'0092-0161-0','ROTEADOR CISCO881-K9','U','1567.83','','','',NULL),(1360,'0092-0253-6','ROTEADOR MSR 20 11 JF239A','U','2466.17','','','',NULL),(1361,'0092-0444-0','ROTEADOR CISCO 2911 BR/K9','U','4411.69','','','',NULL),(1362,'0092-0459-8','MODEM ADSL 2 ETH NUCOM','U','33.63','','','',NULL),(1363,'0092-0482-2','MODEM VDSL BHS ASTORIA VR7518','U','0','','','',NULL),(1364,'0092-0486-5','CONECTOR OPT FAC SC/APC DROP ROC','U','15.38','','','',NULL),(1365,'0092-0487-3','CISCO 2911 BR-V/K9','U','5684.07','','','',NULL),(1366,'0092-0499-7','EQUIP ONT INTEROPERAVEL ASKEY','U','145.39','','','',NULL),(1367,'0092-0524-2','HP MSR900 Router - JF812A','U','1214.04','','','',NULL),(1368,'0099-0008-0','CUNHA PLASTICA P/ DROP OPTICO ROC/FIG 8','U','1.04','','','',NULL),(1369,'0099-0062-4','CONVERSOR IMPEDANCIA BALUM 75/120 OHMS','U','60.3','','','',NULL),(1370,'0106-1285-8','SET TOP BOX IPTV LOW COST PACE','U','348.52','','','',NULL),(1371,'0106-1286-6','SET TOP BOX HD + PVR - IPTV PACE','U','575.69','','','',NULL),(1372,'0130-0005-5','TOMADA MODULAR PARA PAREDE OU PISO','U','3.57','','','',NULL),(1373,'0155-0009-8','CABO P/ ROTEADOR 3COM DTE V.35 - 3C13670','U','0','','','',NULL),(1374,'0155-0069-1','CABO ROUTER 3COM HP V.35 DTE EHN JD523A','U','70.25','','','',NULL),(1375,'0155-0073-0','CABO ETH CROSSOVER C/CON. RJ45 AZUL CAT6','U','4.9','','','',NULL),(1376,'0186-0018-2','CORDAO FO MONOFIBRA 3M SC/APC-SC/APC','U','9.38','','','',NULL),(1377,'0186-0031-0','DROP OPTICO PRE-C FIG8 COMP OPTITAP 100M','U','124.4','','','',NULL),(1378,'0186-0033-6','DROP OPTICO PRE-C FIG8 COMP OPTITAP 150M','U','154.03','','','',NULL),(1379,'0186-0034-4','DROP OPTICO PRE-C FIG8 COMP OPTITAP 220M','U','212.03','','','',NULL),(1380,'0192-0176-1','MODULO ROUTER 3COM 2PORT FXO SIC-3C13728','U','405.9','','','',NULL),(1381,'0192-0177-0','MODULO ROUTER 3COM 2PORT FXS SIC-3C13726','U','0.01','','','',NULL),(1382,'0192-0181-8','MODULO ROUTER 3COM 4PORT FXS MIM-3C13781','U','556.37','','','',NULL),(1383,'0192-0216-4','SPLITTER OPT. PASSIVO 1:4-7.0dB-FTTH','U','31.3','','','',NULL),(1384,'0192-0278-4','MICROFILTRO COMBINADO','U','5.38','','','',NULL),(1385,'0192-0345-4','MODEM WIFI BHS FIBRA','U','200.01','','','',NULL),(1386,'0192-0359-4','MICROFILTRO SIMPLES VDSL','U','5.1','','','',NULL),(1387,'0192-0360-8','MICROFILTRO COMPOSTO VDSL','U','5.84','','','',NULL),(1388,'0192-0368-3','MODEM VDSL BHS ZYXEL P8701T','U','3.55','','','',NULL),(1389,'0192-0371-8','KIT SPEEDY ADSL 2 ETH COLETEK','U','57.04','','','',NULL),(1390,'0192-0374-9','KIT SPEEDY BHS DATACOM','U','113','','','',NULL),(1391,'0192-0376-2','ROTEADOR N WIFI IPV6 COLETEK','U','106.62','','','',NULL),(1392,'0192-0391-7','KIT SPEEDY BHS VDSL MITRASTAR','U','240.77','','','',NULL),(1393,'0219-0028-0','FIO ESPINAR ISOLADO REFORCADO FEIR-125MM','ROL','28.57','','','',NULL),(1394,'0223-0010-4','CORDOALHA DE ACO ALUMINIZADO 4.8 MM','M','1.11','','','',NULL),(1395,'0251-0001-7','FIO TELEF EXTERNO FE-AA-80 PEAD-X','M','0.32','','','',NULL),(1396,'0252-0015-1','CABO TEL CTP-APL 40-  50 COM PAR PILOTO','M','5.32','','','',NULL),(1397,'0252-0019-4','CABO TEL CTP-APL 40- 200 COM PAR PILOTO','M','17.27','','','',NULL),(1398,'0252-0020-8','CABO TEL CTP-APL 40- 300 COM PAR PILOTO','M','28.42','','','',NULL),(1399,'0252-0021-6','CABO TEL CTP-APL 40- 400 COM PAR PILOTO','M','36.62','','','',NULL),(1400,'0252-0022-4','CABO TEL CTP-APL 40- 600 COM PAR PILOTO','M','51.48','','','',NULL),(1401,'0252-0024-0','CABO TEL CTP-APL 40-1200 COM PAR PILOTO','M','106.44','','','',NULL),(1402,'0256-0092-3','LACO PRE-FORMADO LPF 4.8','U','0.72','','','',NULL),(1403,'0256-0154-7','ALCA PRE-FORMADA APF 4.8MM','U','1.32','','','',NULL),(1404,'0256-0182-2','EMENDA PRE-FORMADA EPF 6.4','CJ','1.06','','','',NULL),(1405,'0256-0230-6','ALCA PLASTICA P/ FIO FEB-65 E FE-AA-80','U','0.68','','','',NULL),(1406,'0256-0231-4','LACO PRE-FORMADO P/FIO FEB-65 E FE-AA-80','U','0.23','','','',NULL),(1407,'0258-0023-0','BLOCO DG CONT CILIN NF CJ 600 PARES','U','932.47','','','',NULL),(1408,'0258-0038-8','CAIXA TERMINAL SUBTERRANEA TSU-10B','U','187.29','','','',NULL),(1409,'0258-0052-3','BLOCO TERM BER-10 CLASSE B VARIANTE 2','U','5.23','','','',NULL),(1410,'0258-0058-2','BLOCO TERMINAL EXTERNO BLE-2','U','3.37','','','',NULL),(1411,'0258-0144-9','BLOCO TERM BER-10 NA BASTIDOR CILINDRICO','U','13.77','','','',NULL),(1412,'0258-0148-1','TERMINAL ACESSO DE REDE TAR-10-2-3.0 S/','U','46.56','','','',NULL),(1413,'0258-0151-1','TERMINAL ACESSO REDE TAR-20-2-3.0 S/PROT','U','83.84','','','',NULL),(1414,'0260-0030-0','CONECTOR TOPO UNIVER EMENDA DERIVA UP-3','U','0.11','','','',NULL),(1415,'0260-0031-8','CONECTOR TOPO UNIVER EMENDA DIRETA UP-2','U','0.06','','','',NULL),(1416,'0260-0043-1','CONJUNTO TERMOCONTRATIL CTCT-1','CJ','45.03','','','',NULL),(1417,'0260-0094-6','CONJUNTO BLOQUEIO PRESSAO ENFAIX CBP-III','CJ','26.31','','','',NULL),(1418,'0260-0122-5','CONJ EMENDA AEREA NAO SELADA CEANS 200','CJ','19.43','','','',NULL),(1419,'0260-0202-7','DISCO FECHAMENTO LATERAL CEPM1','U','78.68','','','',NULL),(1420,'0291-0002-0','CAIXA REGENERADORA HDSL AEREA SCHMID','U','185.95','','','',NULL),(1421,'0291-0009-7','REGENERADOR SHDSL FORA PADRAO2.3M SCHMID','U','805.64','','','',NULL),(1422,'0291-0013-5','REGENERADOR PHOENIX 33 REG INTERSPACE','U','870.08','','','',NULL),(1423,'0319-0307-0','GABINETE PADRAO 19POL 6U X 550MM X 550MM','U','234.82','','','',NULL),(1424,'0341-0028-8','MODULO PROT C/BARRA TERRA BL BER-10 NA','CX','39.92','','','',NULL),(1425,'0351-0019-2','FIO TELEF FDG-60-2 PRETO E BRANCO','M','0.15','','','',NULL),(1426,'0351-0021-4','FIO TELEF FDG-50-2 PRETO E LARANJA','M','0.12','','','',NULL),(1427,'0352-0094-4','CABO TELEF METAL INTERNO CTMI 50 600 CM','M','74.26','','','',NULL),(1428,'0378-1559-8','SPLITTER SLIM VDSL','U','9.84','','','',NULL),(1429,'0380-7538-5','ADAPTADOR HCNA','U','104.36','','','',NULL),(1430,'0380-8798-7','DROP OPT COMP INT CFOI-SM-CM-1-BA-LSZH','M','0.56','','','',NULL),(1431,'0380-8932-7','DROP-OPTICO-AS-CM-1-BA-FIG8-LSZH','KM','1272.23','','','',NULL),(1432,'0380-8933-5','PTO CONECTORIZADO PTO-C FTTH','U','4.41','','','',NULL),(1433,'0380-8934-3','CONECTOR OPT FAC SC/APC DROP FIG8 COMPAC','U','9.85','','','',NULL),(1434,'0387-0033-6','ANTENA PARABOLICA RECEPT 60CM DTH CMD','U','57.55','','','',NULL),(1435,'0387-0037-9','CABO COAXIAL RG6 BRANCO DTH CMD','M','0.59','','','',NULL),(1436,'0387-0042-5','SMART CARD DTH CMD','U','33.49','','','',NULL),(1437,'0387-0049-2','LNB DUPLA FREQUENCIA-CMD','U','20.04','','','',NULL),(1438,'0387-0056-5','SET TOP BOX ECHOSTAR DSB626BR/ECDB636BR','U','5.32','','','',NULL),(1439,'0387-0066-2','SPLITTER1:4 4SAIDAS OUt PASSG.DC-DTH.CMD','U','5.14','','','',NULL),(1440,'0387-0141-3','CONECTOR COMPRESSAO TP F RG6 MACHO DTH','U','0.75','','','',NULL),(1441,'0387-0142-1','SET TOP BOX HD + PVR - IPTV','U','490.23','','','',NULL),(1442,'0387-0155-3','SET TOP BOX HD SEM CABO HDMI','U','39.47','','','',NULL),(1443,'0387-0161-8','SET TOP BOX HD DTH LC TECHNICOLOR S/HDMI','U','8.83','','','',NULL),(1444,'0387-0163-4','SET TOP BOX HD DTH LOW COST SAGEM S/HDMI','U','10.52','','','',NULL),(1445,'0387-0167-7','SET TOP BOX SD DTH LOW COST EASYDIGITAL','U','2','','','',NULL),(1446,'0387-0173-2','SET TOP BOX HD DTH c/ ISDBT KAON','U','270.75','','','',NULL),(1447,'0391-0578-4','TERM. REDE OPTICA ONT ALCATEL I-240G-P','U','20.7','','','',NULL),(1448,'0392-0104-0','MODEM DTU 2701 V24','U','0','','','',NULL),(1449,'0392-1047-2','SPLITTER DE ASSINANTE PARA ADSL INVEST','U','8.28','','','',NULL),(1450,'0392-1051-0','SPLITTER RESISTIVO 1:2','U','4.59','','','',NULL),(1451,'0392-1052-9','SPLITTER RESISTIVO 1:4','U','6.27','','','',NULL),(1452,'0392-1082-4','MODEM SHDSL ASSINANTE - FASTLINK','U','1912.77','','','',NULL),(1453,'0392-1087-6','CAIXA REGENERADOR','U','719.51','','','',NULL),(1454,'0392-1088-2','REGENERADOR - FASTLINK','U','1743.13','','','',NULL),(1455,'0430-0003-7','SUBDUTO AGRUPADO SDA4 POLIETILENO','M','7.96','','','',NULL),(1456,'0430-0006-1','SUBDUTO SINGELO LISO POLIETILENO','M','1.23','','','',NULL),(1457,'0452-0002-5','CABO FO CFOA-SM-DD-S-12 - TS','M','2.14','','','',NULL),(1458,'0452-0061-0','CABO FO CFOA-SM-DD-G-72','M','5.16','','','',NULL),(1459,'0452-0107-2','CFOA-SM-AS80 MINI-RA 12F NR','M','1.36','','','',NULL),(1460,'0452-0118-1','CABO OPTICO CFOA-SM AS 80 12F TS','M','2.85','','','',NULL),(1461,'0692-0290-7','MODEM SHDSL 2.3M G703/V35 4F SCHMID CEN','U','646.31','','','',NULL),(1462,'0692-0294-0','MODEM SHDSL 2.3M G703/V35 4F PARKS ASS','U','0','','','',NULL),(1463,'0692-0296-6','MODEM SHDSL 2.3M G703/V35 4F DIGITEL ASS','U','0','','','',NULL),(1464,'0692-0297-4','MODEM SHDSL 2.3M G703/V35 4F DATACOM CEN','U','0','','','',NULL),(1465,'0692-0300-8','MODEM G-SHDSL ATM 4 FIOS','U','0','','','',NULL),(1466,'0692-0325-3','MODEM G-SHDSL EFM 4 FIOS TERACOM','U','504.29','','','',NULL);
/*!40000 ALTER TABLE `materiais` ENABLE KEYS */;
UNLOCK TABLES;

--
-- Table structure for table `usuario`
--

DROP TABLE IF EXISTS `usuario`;
/*!40101 SET @saved_cs_client     = @@character_set_client */;
/*!40101 SET character_set_client = utf8 */;
CREATE TABLE `usuario` (
  `usua_id` int(11) NOT NULL AUTO_INCREMENT COMMENT '{"user-control":"hidden"}',
  `usua_nome` varchar(200) CHARACTER SET utf8 NOT NULL COMMENT '{"user-control":"text", "required":"yes"}',
  `usua_email` varchar(200) CHARACTER SET utf8 NOT NULL COMMENT '{"user-control":"text", "required":"yes", "typeof":"email"}',
  `usua_senha` varchar(100) CHARACTER SET utf8 NOT NULL COMMENT '{"user-control":"password", "required":"yes"}',
  `usua_tipo` varchar(100) CHARACTER SET utf8 NOT NULL COMMENT '{"user-control":"select", "datasource-type":"literal", "datasource-literal":"tipo", "required":"yes"}',
  `usua_status` varchar(100) CHARACTER SET utf8 NOT NULL COMMENT '{"user-control":"select", "datasource-type":"literal", "datasource-literal":"status", "required":"yes"}',
  `usua_celular` varchar(50) CHARACTER SET utf8 DEFAULT NULL COMMENT '{"user-control":"text", "required":"yes", "typeof":"phone"}',
  PRIMARY KEY (`usua_id`),
  UNIQUE KEY `usua_email` (`usua_email`)
) ENGINE=InnoDB AUTO_INCREMENT=2 DEFAULT CHARSET=utf8 COLLATE=utf8_unicode_ci;
/*!40101 SET character_set_client = @saved_cs_client */;

--
-- Dumping data for table `usuario`
--

LOCK TABLES `usuario` WRITE;
/*!40000 ALTER TABLE `usuario` DISABLE KEYS */;
INSERT INTO `usuario` VALUES (1,'teste','email@email.com','2e6f9b0d5885b6010f9167787445617f553a735f','Admin','Ativo','0');
/*!40000 ALTER TABLE `usuario` ENABLE KEYS */;
UNLOCK TABLES;
/*!40103 SET TIME_ZONE=@OLD_TIME_ZONE */;

/*!40101 SET SQL_MODE=@OLD_SQL_MODE */;
/*!40014 SET FOREIGN_KEY_CHECKS=@OLD_FOREIGN_KEY_CHECKS */;
/*!40014 SET UNIQUE_CHECKS=@OLD_UNIQUE_CHECKS */;
/*!40101 SET CHARACTER_SET_CLIENT=@OLD_CHARACTER_SET_CLIENT */;
/*!40101 SET CHARACTER_SET_RESULTS=@OLD_CHARACTER_SET_RESULTS */;
/*!40101 SET COLLATION_CONNECTION=@OLD_COLLATION_CONNECTION */;
/*!40111 SET SQL_NOTES=@OLD_SQL_NOTES */;

-- Dump completed on 2016-04-18 12:05:43
